epoch,train_loss,val_loss,val_acc,val_macro_f1,lr,elapsed_s
1,1.141,1.1383,0.2778,0.2633,5e-05,1.3
2,1.1174,1.1214,0.2986,0.2997,5e-05,2.4
3,1.0694,1.0554,0.4861,0.4813,5e-05,5.3
4,0.9713,1.0423,0.4097,0.3924,5e-05,8.3
5,0.8934,1.0082,0.5208,0.5085,5e-05,11.2
6,0.7981,1.0265,0.4653,0.4607,5e-05,14.1
7,0.6764,1.1228,0.4722,0.4606,5e-05,17.0
8,0.5411,1.0754,0.5347,0.5076,5e-05,19.9
9,0.4184,1.2255,0.5208,0.5147,5e-05,22.8
10,0.2897,1.4658,0.4444,0.4206,5e-05,25.7
11,0.2014,1.6109,0.4722,0.4531,5e-05,28.6
12,0.1496,1.845,0.4792,0.4526,5e-05,31.5
13,0.0984,2.1075,0.4514,0.4519,5e-05,34.4
14,0.0845,2.1994,0.4861,0.4842,5e-05,37.2
