step,train_loss,val_loss,val_ppl,lr,grad_norm,tokens_seen,elapsed_s,eta_s
100,4.3062,3.2692,26.29,9.938625865312251e-05,1.3912,409600,9.2,82.9
200,3.8976,3.138,23.059,9.4576318804292e-05,1.4226,819200,18.4,73.4
300,3.7227,3.0705,21.552,8.547767072315835e-05,1.3601,1228800,27.6,64.4
400,3.5968,3.0434,20.977,7.307629410938363e-05,1.383,1638400,37.0,55.4
500,3.4989,2.999,20.065,5.8716070546254966e-05,1.448,2048000,46.1,46.1
600,3.4238,3.0071,20.228,4.395315307866405e-05,1.4367,2457600,55.2,36.8
700,3.3919,3.0001,20.087,3.0387332884490805e-05,1.442,2867200,64.1,27.5
800,3.3507,2.9684,19.461,1.9488677077162295e-05,1.5255,3276800,73.0,18.3
900,3.3155,2.9807,19.702,1.2438224123471442e-05,1.4447,3686400,82.3,9.1
1000,3.2992,2.9806,19.699,1e-05,1.4069,4096000,91.1,0.0
